Customer_ID,Total_Spend,Years_as_Customer,Num_of_Purchases,Average_Transaction_Amount,Num_of_Returns,Num_of_Support_Contacts,Last_Purchase_Days_Ago,Promotion_Response
1,5892.58,5,22,453.8,2,0,129,Responded
2,9025.47,13,77,22.9,2,2,227,Responded
3,618.83,13,71,50.53,5,2,283,Responded
4,9110.3,3,33,411.83,5,3,226,Ignored
5,5390.88,15,43,101.19,3,0,242,Unsubscribed
6,255.19,19,85,417.78,5,1,130,Unsubscribed
7,3512.55,3,77,316.18,0,3,61,Unsubscribed
8,7270.9,4,87,63.61,3,4,224,Ignored
9,4935.49,1,21,173.8,9,2,126,Responded
10,9803.57,17,34,481.18,6,1,171,Unsubscribed
11,4283.84,15,33,96.55,9,1,92,Responded
12,3333.69,4,10,212.58,0,0,213,Responded
13,8234.55,1,60,160.58,2,1,276,Ignored
14,5524.28,12,4,259.81,5,4,212,Ignored
15,6855.03,17,64,222.85,6,0,125,Ignored
16,8076.45,9,63,466.61,5,0,304,Unsubscribed
17,6747.13,10,9,414.8,7,3,274,Responded
18,4281.83,3,29,294.39,7,0,197,Unsubscribed
19,1335.48,15,14,173.58,7,3,4,Responded
20,5844.46,11,88,378.05,8,4,57,Unsubscribed
21,8984.59,5,72,298.9,1,1,323,Responded
22,4247.04,10,13,89.61,0,4,199,Responded
23,9116.18,14,3,162.9,8,0,193,Responded
24,5084.93,12,78,288.48,2,1,323,Unsubscribed
25,6246.33,9,24,352.98,7,1,119,Unsubscribed
26,8346.59,6,60,167.05,5,2,35,Unsubscribed
27,5689.51,9,74,456.01,2,4,352,Unsubscribed
28,1000.6,3,80,210.02,8,3,317,Unsubscribed
29,9811.7,13,12,83.09,9,4,128,Ignored
30,2533.91,7,10,114.05,6,4,31,Unsubscribed
31,7134,17,63,107.41,7,1,274,Ignored
32,5100.62,18,66,124.56,5,4,325,Responded
33,4839.85,4,91,198,1,4,193,Ignored
34,2515.01,5,12,237.82,5,4,253,Unsubscribed
35,7249.29,11,96,275.72,4,2,196,Responded
36,1216.6,18,49,469.63,2,1,188,Unsubscribed
37,9905.49,19,59,289.28,2,3,102,Responded
38,8469.2,5,76,98.03,2,0,216,Ignored
39,5391.64,16,2,233.12,6,1,260,Unsubscribed
40,4303.07,18,73,92.72,1,2,360,Responded
41,2936,14,26,456.43,3,3,263,Unsubscribed
42,5065.76,17,31,92.5,9,0,202,Responded
43,8806.23,9,34,309.17,6,1,273,Responded
44,2822.56,14,88,293.2,7,0,121,Ignored
45,5055.32,12,21,315.34,8,2,276,Unsubscribed
46,2422.04,3,50,38.72,3,4,84,Ignored
47,3437.78,18,9,151.77,1,0,277,Responded
48,1983.58,7,65,183.3,8,1,234,Responded
49,9906.34,3,35,462.35,3,2,322,Responded
50,5757.82,12,31,308.21,7,2,287,Unsubscribed
51,7354.87,15,85,405.83,5,2,352,Responded
52,1072.67,9,38,253.05,4,4,168,Ignored
53,3724.56,18,23,204.68,6,4,86,Ignored
54,8937.13,8,62,246.96,4,1,110,Unsubscribed
55,935.94,10,43,395.71,3,2,37,Responded
56,1738.28,12,49,54.59,5,3,130,Responded
57,6291.63,5,87,477.3,7,2,4,Responded
58,6265.61,11,21,305.74,2,1,171,Ignored
59,8398.45,3,44,101.25,8,2,21,Unsubscribed
60,9361.38,8,8,31.44,5,2,108,Ignored
61,1505.67,8,66,72.76,7,3,86,Responded
62,2667.8,1,46,62.48,3,1,209,Unsubscribed
63,4331.87,5,31,207.3,9,2,251,Ignored
64,108.94,11,13,349.08,0,4,65,Responded
65,791.16,9,70,132.59,2,0,137,Unsubscribed
66,2342.26,13,57,198.67,8,3,105,Ignored
67,4862.91,7,22,286.46,5,3,261,Responded
68,2590.08,3,70,408.6,1,1,4,Unsubscribed
69,8779.15,12,17,307.76,6,4,323,Ignored
70,3310.3,13,44,100.75,8,4,259,Responded
71,9253.77,16,24,129.65,1,4,262,Unsubscribed
72,9750.39,9,41,191.99,3,1,307,Responded
73,4553.63,9,38,248.66,7,1,182,Responded
74,2348.58,14,49,443.26,0,1,42,Unsubscribed
75,2987.49,1,40,130.87,2,2,138,Responded
76,7785.7,1,39,464.56,0,2,267,Unsubscribed
77,2806.16,16,44,388.99,5,3,284,Unsubscribed
78,3867.77,18,49,166.56,4,3,104,Unsubscribed
79,4837.9,13,1,483.73,5,0,162,Ignored
80,5793.6,17,10,190.7,6,0,85,Responded
81,9961.39,12,16,342.92,7,3,8,Responded
82,2398.88,16,53,468.91,0,0,219,Responded
83,3598.89,1,54,396.71,7,2,87,Unsubscribed
84,2702.62,15,5,444.39,7,3,8,Unsubscribed
85,3675.02,5,29,89.22,4,1,112,Unsubscribed
86,1097.96,19,36,325.33,8,4,227,Ignored
87,3662.12,18,21,49.15,8,1,303,Ignored
88,8889.86,9,7,490.18,4,0,240,Responded
89,3056.04,5,42,352.16,3,1,111,Responded
90,3782.15,11,32,61.07,3,3,269,Unsubscribed
91,9450.29,2,90,398.57,1,3,276,Responded
92,7310.95,2,81,236.53,9,0,340,Unsubscribed
93,5215.71,15,69,48.96,6,3,23,Responded
94,7794.21,19,14,404.14,2,1,335,Unsubscribed
95,1319.48,4,34,27.27,4,4,325,Responded
96,4698.45,17,18,399.71,6,0,207,Ignored
97,1270.54,6,66,291.37,9,4,223,Responded
98,2412.82,4,90,11.33,9,2,278,Responded
99,1504.49,16,48,228.21,9,4,209,Ignored
100,3681.83,14,87,309.19,2,3,147,Ignored
101,3878.23,9,43,110.51,5,1,353,Responded
102,9478.35,8,23,125.7,8,4,82,Ignored
103,2714.84,12,82,41.71,8,4,266,Ignored
104,4777.05,9,68,338.17,5,1,95,Ignored
105,8132.66,9,20,105.31,0,0,261,Unsubscribed
106,8174.61,19,47,431.93,4,1,173,Unsubscribed
107,7528.4,6,30,381.68,8,2,162,Ignored
108,2949.55,7,69,55.55,2,4,144,Unsubscribed
109,5000.22,6,85,283.26,9,1,255,Ignored
110,1943.49,12,31,212.13,5,4,195,Responded
111,1965.16,16,45,391.58,0,0,169,Responded
112,4414.83,13,80,334.47,9,4,145,Responded
113,7412.06,5,34,48.3,4,4,78,Responded
114,5313.18,4,5,491.01,3,1,150,Responded
115,8878.16,19,84,135.89,7,0,332,Ignored
116,8326,18,38,135.22,2,2,82,Ignored
117,412.89,13,53,159.35,2,1,112,Responded
118,5727.35,13,65,488.27,0,1,58,Ignored
119,6130.7,1,18,403.85,0,0,38,Responded
120,9619.59,1,18,52.17,8,3,203,Unsubscribed
121,330.04,7,40,214.81,6,4,362,Ignored
122,5357.93,4,19,429.09,2,1,259,Responded
123,2127.34,10,6,181.12,5,0,121,Responded
124,631.26,9,99,152.79,1,1,216,Ignored
125,5916.14,4,4,323.31,7,0,199,Responded
126,7748.78,11,59,190.16,9,0,21,Ignored
127,7771.17,13,1,89.19,4,2,21,Unsubscribed
128,399.86,9,36,246.8,0,0,190,Ignored
129,4128.77,7,26,407.73,3,0,359,Ignored
130,540.65,8,85,423.82,5,3,50,Unsubscribed
131,2553.6,19,94,311.67,6,4,326,Unsubscribed
132,2009.52,16,66,499.57,5,2,337,Unsubscribed
133,2230.31,5,15,492.49,5,4,245,Responded
134,3457.27,12,45,126.96,1,1,179,Unsubscribed
135,2846.44,12,5,387.75,0,2,208,Ignored
136,9626.57,13,71,100.11,7,2,296,Responded
137,3588.83,1,18,211.59,3,0,274,Responded
138,8952.31,6,94,14.88,3,3,352,Unsubscribed
139,1892.31,7,62,108.7,1,0,27,Unsubscribed
140,7661.09,14,57,119.57,4,3,30,Unsubscribed
141,707.32,6,2,494,8,2,140,Responded
142,4681.34,19,17,30.41,5,2,231,Unsubscribed
143,154.55,13,67,473.47,8,3,322,Unsubscribed
144,8121.88,15,79,420.71,6,0,303,Unsubscribed
145,9509.81,4,50,21.01,7,0,254,Unsubscribed
146,447.56,10,25,77,5,2,236,Unsubscribed
147,9345.08,6,70,318.22,0,0,49,Responded
148,7761.15,2,22,181.89,4,2,120,Responded
149,3652.73,2,9,177.27,3,2,231,Ignored
150,9097.88,1,73,351.27,8,1,52,Ignored
151,3032.95,16,34,497.43,5,3,4,Ignored
152,4152.02,11,70,173.03,6,3,338,Responded
153,1057.44,13,97,462.29,5,1,319,Unsubscribed
154,6603.7,14,1,366.94,5,1,5,Unsubscribed
155,393.05,4,44,425.02,0,4,82,Unsubscribed
156,4900.56,11,7,259.33,0,2,227,Ignored
157,6863.6,10,15,271.31,7,4,196,Responded
158,8230.25,6,38,277.77,7,2,50,Ignored
159,1584.42,14,93,286.92,8,3,114,Ignored
160,7565.49,9,81,80.78,2,4,148,Ignored
161,7218.86,18,54,111.45,1,2,303,Unsubscribed
162,5639.75,14,30,85.33,7,3,339,Unsubscribed
163,5887.98,4,83,103.58,6,3,296,Unsubscribed
164,1003.58,1,94,335.83,0,1,331,Ignored
165,6044.66,15,4,111.19,0,1,126,Ignored
166,3877.07,15,75,440.41,6,4,222,Responded
167,8689.05,7,42,68.54,5,0,201,Unsubscribed
168,3199.68,16,40,494.48,5,0,127,Ignored
169,5808.29,6,97,10.7,7,3,99,Responded
170,4323.06,1,33,423.5,0,2,188,Ignored
171,8774.99,8,29,10.98,0,4,214,Ignored
172,2613.78,8,15,394.88,5,4,239,Ignored
173,880.14,18,96,366.55,5,4,6,Responded
174,7511.69,1,99,350.32,1,2,69,Responded
175,4187.68,16,63,181.93,5,3,37,Responded
176,5932.07,12,62,317.27,1,2,125,Unsubscribed
177,361.25,12,68,303.71,5,4,40,Responded
178,9525.89,19,14,372.37,9,2,119,Unsubscribed
179,8788.42,12,19,357.91,7,3,86,Ignored
180,6276.29,7,82,131.63,4,0,250,Unsubscribed
181,268.6,8,62,357.7,7,4,165,Responded
182,3841.97,4,35,163.11,2,0,175,Unsubscribed
183,9790.09,6,99,198.9,0,1,205,Responded
184,6845.17,18,84,151.01,3,0,206,Ignored
185,1693.78,1,69,372.21,8,1,196,Responded
186,4659.91,12,76,418.99,2,2,174,Responded
187,9670.7,2,22,131.84,2,1,41,Unsubscribed
188,5393.61,19,4,261.9,0,0,106,Responded
189,343.68,15,35,355.75,3,3,185,Responded
190,6235.74,19,84,414.02,0,3,287,Unsubscribed
191,2785.04,10,91,366.36,7,0,338,Unsubscribed
192,1078.57,7,73,58.6,3,0,348,Responded
193,4088.79,5,79,345.2,7,1,324,Responded
194,5629.38,12,36,453.65,1,0,283,Unsubscribed
195,268.7,18,77,226.57,5,0,43,Ignored
196,5634.56,1,82,373.88,5,0,204,Unsubscribed
197,5160.91,12,88,481.34,7,0,122,Unsubscribed
198,7959.69,19,82,350.04,0,4,148,Responded
199,4293.14,9,97,151.97,3,4,342,Unsubscribed
200,5579.16,3,50,231.52,3,3,101,Unsubscribed
201,7445.89,19,12,239.67,6,1,53,Ignored
202,8981.74,7,67,426.03,0,3,234,Responded
203,3862.34,15,23,484.45,1,3,242,Responded
204,6056.17,12,69,300.67,7,1,237,Ignored
205,6976.65,2,42,47.69,6,1,232,Unsubscribed
206,528.38,14,43,475.28,8,3,110,Ignored
207,8027.53,14,16,497.07,7,0,222,Unsubscribed
208,3836.56,2,60,203.83,2,0,338,Unsubscribed
209,6735.37,11,61,414.66,6,2,14,Ignored
210,4769.47,14,82,222.6,1,2,191,Responded
211,7053.16,15,78,350.78,8,2,322,Responded
212,7270.88,1,96,30.52,4,3,119,Unsubscribed
213,1996.55,12,4,446.44,9,1,278,Responded
214,6655.52,8,46,31.95,5,4,76,Ignored
215,8528.1,4,26,117.83,8,1,341,Ignored
216,2432.12,15,52,288.2,2,4,202,Ignored
217,7606.02,1,29,442.5,9,1,268,Ignored
218,6374.87,9,83,143.52,1,1,136,Ignored
219,9555.75,4,96,53.77,3,4,157,Responded
220,2676.44,12,24,406.69,1,0,144,Unsubscribed
221,1627.35,2,11,186.06,3,2,358,Ignored
222,3190,7,14,374.37,8,3,348,Unsubscribed
223,2653.79,15,78,104.27,8,3,150,Unsubscribed
224,7592.64,5,14,124.1,7,0,282,Ignored
225,7357.78,11,84,183.49,9,0,217,Unsubscribed
226,6729.88,4,66,394.48,4,3,202,Responded
227,2242.15,16,4,469.79,7,4,74,Unsubscribed
228,8631.89,7,13,395.73,1,3,252,Unsubscribed
229,9570.06,12,9,13.81,3,1,130,Ignored
230,5362.9,3,11,406.14,0,4,349,Responded
231,6528.79,4,7,321.85,0,0,121,Ignored
232,5056.85,18,53,401.28,3,3,232,Ignored
233,2907.22,11,32,290.44,8,0,293,Responded
234,2932.86,1,44,24.04,3,4,221,Ignored
235,3202.86,7,96,403.53,1,1,44,Unsubscribed
236,1989.42,2,22,47.42,4,1,196,Responded
237,9029.04,15,14,180.64,9,0,10,Responded
238,8598.14,4,72,274.89,6,4,164,Ignored
239,4670.23,18,46,150.08,6,1,7,Responded
240,3735.79,8,29,382.26,6,1,231,Ignored
241,9396.88,15,83,487.32,1,1,82,Unsubscribed
242,2301.5,12,30,236.66,1,4,86,Ignored
243,5580.07,14,62,476.85,8,1,126,Ignored
244,639.53,1,27,459.35,7,4,204,Responded
245,1992.9,1,51,410.95,0,0,297,Responded
246,6079.87,19,16,366.16,6,4,264,Ignored
247,6655.62,18,47,19.81,6,0,28,Unsubscribed
248,5851.86,10,66,451.79,3,0,298,Ignored
249,8709.05,6,52,290.57,3,1,320,Unsubscribed
250,9934.71,13,26,74.47,8,0,347,Ignored
251,7662.23,18,19,348.79,2,0,203,Responded
252,4704.41,4,40,143.23,8,2,229,Unsubscribed
253,8355.95,4,49,348.95,1,2,294,Ignored
254,1291.84,3,46,49.41,3,2,97,Unsubscribed
255,6864.38,6,23,487.78,4,3,6,Unsubscribed
256,5231.54,7,28,42.6,4,4,253,Ignored
257,1862.85,9,76,435.18,3,4,314,Unsubscribed
258,9732.04,1,45,164.79,3,2,202,Ignored
259,3450.53,13,39,153.62,3,1,347,Ignored
260,6192.69,7,1,203.54,4,2,44,Unsubscribed
261,8798.08,8,10,388.55,7,4,295,Ignored
262,5116.22,10,23,107.88,9,2,89,Responded
263,1239.86,7,70,229.07,3,1,133,Unsubscribed
264,8205.52,6,24,249.51,2,4,75,Responded
265,3596.82,5,71,454.69,1,0,218,Responded
266,9832.36,8,87,281.88,2,1,125,Responded
267,8849.87,16,88,322.94,3,3,310,Responded
268,8549.15,4,66,448.1,9,2,176,Responded
269,3626.91,8,56,173.34,2,4,28,Responded
270,7595.58,9,56,45.4,6,1,90,Ignored
271,9864.66,19,27,396.37,5,3,28,Ignored
272,5310.58,15,32,381.78,7,4,131,Unsubscribed
273,4760.25,8,20,168.91,6,4,319,Responded
274,245.19,3,62,474.5,7,2,364,Ignored
275,7032.02,3,26,418.51,1,1,2,Responded
276,8598.93,17,72,11.38,9,0,265,Unsubscribed
277,2549.83,14,12,61.78,2,4,360,Ignored
278,3218.74,14,58,237.63,3,1,57,Ignored
279,5056.7,2,56,456.05,8,3,311,Ignored
280,813.59,14,18,96.37,1,0,61,Responded
281,987.46,11,55,337.79,7,4,314,Responded
282,4269,14,1,435.33,2,2,22,Ignored
283,2686.07,7,12,465.64,2,2,130,Responded
284,4119.77,19,37,331.47,7,0,62,Unsubscribed
285,4598.42,8,78,182.89,8,4,5,Ignored
286,9765.11,14,9,188.27,0,4,274,Ignored
287,9448.17,4,64,383.5,3,3,132,Responded
288,1483.33,11,11,436.71,9,3,287,Responded
289,8837.6,4,90,481.32,6,2,173,Unsubscribed
290,894.05,6,10,382.03,6,2,307,Ignored
291,5125.59,6,85,283.81,7,4,88,Unsubscribed
292,1722.71,2,5,457.4,4,1,81,Unsubscribed
293,3722.33,19,60,471.97,9,3,128,Ignored
294,7459.07,1,40,239.12,4,0,346,Unsubscribed
295,4302.6,13,81,474.71,3,0,92,Ignored
296,8088.82,14,83,305.59,8,0,16,Responded
297,7216.28,3,79,210.42,7,2,25,Ignored
298,9434.11,19,88,442.58,9,1,258,Responded
299,5388.14,17,53,215.65,2,0,181,Responded
300,8041.26,4,49,186.57,8,2,267,Responded
301,3296.78,13,31,411.17,9,3,330,Unsubscribed
302,3522.88,9,4,487.78,1,3,330,Unsubscribed
303,4065.05,4,11,334.83,2,1,130,Responded
304,4168.07,10,33,168.63,5,2,75,Unsubscribed
305,1122.21,13,22,419.47,3,4,42,Unsubscribed
306,5239.08,18,42,457.81,1,3,107,Ignored
307,1058.35,12,98,83.04,6,2,30,Ignored
308,8908.65,16,19,161.62,1,1,77,Responded
309,712.26,1,98,312.37,8,3,193,Ignored
310,4551.97,14,52,172.97,5,2,350,Responded
311,2918.47,7,77,312.85,9,4,67,Unsubscribed
312,1633.21,5,64,415.34,3,4,70,Unsubscribed
313,7859.98,2,53,77.86,3,1,17,Responded
314,7177.83,4,67,315.85,7,3,15,Unsubscribed
315,1544.88,10,90,335.05,6,1,11,Ignored
316,6364.38,15,95,438.16,4,4,133,Ignored
317,7946.3,19,52,359.32,5,1,7,Responded
318,7755.99,15,93,396.61,5,3,109,Ignored
319,1013.57,19,42,91.1,2,3,152,Ignored
320,6886.58,10,18,74.91,3,2,86,Unsubscribed
321,7188.64,3,15,453.21,8,2,261,Responded
322,8635.45,11,60,91.1,5,0,56,Responded
323,5129.64,18,61,191.48,9,2,105,Unsubscribed
324,4664.83,2,14,397.18,3,0,258,Responded
325,9654.65,18,98,39.62,4,2,206,Unsubscribed
326,7985.47,15,23,264.81,9,3,172,Responded
327,5631.44,16,62,277.49,6,3,42,Responded
328,3373.11,19,89,11.99,2,1,351,Responded
329,8467.86,19,31,202.64,8,3,105,Unsubscribed
330,4608.82,12,11,454.51,5,3,78,Unsubscribed
331,1017.58,6,4,218.86,5,0,348,Unsubscribed
332,4603.55,12,32,457.61,8,1,40,Ignored
333,8732.49,7,33,164.72,9,3,263,Responded
334,4537.99,10,14,257.61,9,3,297,Ignored
335,242.06,12,50,423.09,8,4,18,Ignored
336,6153.7,16,40,490.91,7,3,131,Responded
337,9958.72,13,1,382,1,4,107,Unsubscribed
338,8190.76,13,25,178.39,9,2,196,Responded
339,6210.66,14,85,163.83,6,2,253,Ignored
340,9152.55,6,44,37.97,8,3,126,Unsubscribed
341,8154.46,19,91,109.43,7,1,43,Responded
342,5036.53,10,92,382.27,8,3,217,Responded
343,5953.08,9,88,213.27,5,2,125,Responded
344,7339.8,9,91,86.7,7,4,334,Responded
345,8479.62,9,74,155.82,0,4,4,Unsubscribed
346,675.95,1,98,298.51,8,2,83,Unsubscribed
347,7770.56,1,91,478.73,8,3,342,Unsubscribed
348,4530.28,13,42,480.12,3,2,232,Unsubscribed
349,6641.91,19,32,65.88,2,2,102,Unsubscribed
350,7669.87,16,41,125.77,5,4,188,Unsubscribed
351,5441.07,13,96,303.47,7,4,280,Ignored
352,1669.3,18,9,456.91,7,2,335,Ignored
353,4154.32,10,50,490.93,6,4,82,Unsubscribed
354,861.04,14,37,366.29,0,3,89,Unsubscribed
355,6924.08,3,82,211.7,3,3,355,Unsubscribed
356,9541.69,1,95,437.67,2,0,15,Ignored
357,7973,10,2,215.47,9,2,133,Unsubscribed
358,3958.89,7,59,336.76,4,1,121,Unsubscribed
359,5884.49,4,30,249.92,5,3,31,Ignored
360,3111.59,7,81,391.94,9,4,93,Unsubscribed
361,5456.35,2,85,370.44,1,2,182,Responded
362,3077.2,2,9,201.44,9,1,227,Ignored
363,7409.42,6,37,59.4,1,1,338,Ignored
364,2667.48,2,94,476.37,0,1,290,Ignored
365,9643.8,2,60,460.12,4,1,35,Ignored
366,6653.29,4,16,99.12,4,3,186,Ignored
367,780.9,6,14,109.62,0,0,150,Ignored
368,206.7,19,26,395.98,2,4,82,Ignored
369,9970.76,2,81,395.51,3,3,15,Ignored
370,2283.01,4,51,483.09,0,0,353,Ignored
371,3194.37,14,12,498.82,8,3,236,Unsubscribed
372,2163.3,3,47,254.2,2,4,25,Responded
373,9288.21,16,3,480.58,8,3,353,Responded
374,6554.93,12,34,409.83,8,4,256,Responded
375,5093.42,2,93,380.62,5,2,255,Unsubscribed
376,5620.74,10,91,189.32,9,3,261,Responded
377,3246.94,10,42,426.69,2,2,257,Ignored
378,6180.33,12,2,460.36,6,3,81,Unsubscribed
379,4254.04,17,27,369.66,0,2,291,Unsubscribed
380,2072.36,10,73,326.78,4,2,338,Ignored
381,6600.39,1,84,323.8,6,2,100,Unsubscribed
382,3801.02,5,28,86.28,5,1,122,Ignored
383,7872.16,12,23,117.76,7,0,73,Ignored
384,4212.41,4,90,122.18,6,0,94,Unsubscribed
385,5131.89,13,89,89.71,8,2,28,Unsubscribed
386,7895.92,3,85,244.22,1,1,74,Ignored
387,4533.99,1,37,42.79,0,1,182,Responded
388,9665.59,5,25,150.84,9,4,166,Ignored
389,7950.98,11,31,405.64,8,1,182,Ignored
390,8281.66,4,13,463.17,4,2,53,Ignored
391,9543.81,12,53,434.05,4,4,150,Unsubscribed
392,3949.62,10,57,165.41,5,0,150,Responded
393,5842.79,6,93,269.36,4,0,173,Unsubscribed
394,6966.56,2,69,467.5,1,3,300,Responded
395,6767.24,4,66,287.67,3,2,164,Responded
396,9534.07,11,70,135.06,5,3,361,Unsubscribed
397,2954.65,17,45,345.45,3,0,29,Responded
398,2984.48,2,86,320.2,7,1,89,Unsubscribed
399,9188.24,4,25,50.02,8,4,133,Responded
400,8013.13,14,9,387.38,9,3,66,Ignored
401,2113.23,5,31,54.19,1,2,282,Unsubscribed
402,5743.46,9,33,317.99,1,0,25,Ignored
403,7483.06,6,86,348.35,2,0,165,Ignored
404,3595.06,11,68,300.67,2,4,339,Unsubscribed
405,4400.38,1,58,192.9,7,0,299,Unsubscribed
406,5796.43,4,85,306.82,9,3,16,Unsubscribed
407,4724.37,9,82,280.77,5,0,41,Unsubscribed
408,7555.12,14,18,301.65,6,0,360,Unsubscribed
409,158.79,1,76,406.78,0,4,1,Unsubscribed
410,4402.86,11,19,414.73,8,1,141,Responded
411,3442.06,6,36,380.8,9,2,258,Unsubscribed
412,6130.72,9,59,246.33,5,2,49,Unsubscribed
413,7781.99,14,86,183.99,4,3,189,Responded
414,853.84,3,44,440.36,5,2,204,Ignored
415,1664.79,1,64,439.61,2,4,126,Unsubscribed
416,6684.31,13,99,408.68,6,4,76,Ignored
417,7410.18,8,98,443.33,5,0,236,Responded
418,5923.2,17,74,203.68,6,0,195,Ignored
419,9829.75,16,28,271.88,6,3,213,Ignored
420,5044.67,18,88,289.25,1,1,154,Unsubscribed
421,1449.29,1,64,361.78,2,0,293,Ignored
422,6894.28,1,52,393.26,3,4,257,Responded
423,6060.55,12,60,285.47,2,0,227,Ignored
424,5945.17,11,37,452.34,5,3,337,Unsubscribed
425,5503.95,7,49,120.08,9,3,345,Unsubscribed
426,9397.05,19,98,210.25,2,0,185,Ignored
427,1378.65,2,12,38.07,9,1,24,Responded
428,824.65,6,73,491.14,2,2,342,Unsubscribed
429,1625.76,18,94,402.65,3,4,174,Responded
430,2525.4,11,34,70.53,0,1,145,Unsubscribed
431,5970.17,13,48,173.63,0,3,60,Ignored
432,6163.01,10,15,271.82,9,4,70,Responded
433,2402.76,18,95,155.33,5,4,13,Unsubscribed
434,4943.33,4,32,67.77,7,2,259,Responded
435,4872.41,9,88,303.37,3,3,172,Responded
436,4585.8,3,64,119.58,9,2,50,Responded
437,8055.1,11,44,320.13,9,2,99,Ignored
438,4769.76,7,22,348.52,0,1,64,Ignored
439,7607.82,1,3,408.91,5,3,249,Ignored
440,1748.16,5,27,228.83,4,3,163,Responded
441,5366.48,5,10,352.17,1,1,288,Ignored
442,8258.64,13,2,27.22,0,3,56,Unsubscribed
443,1859.39,1,57,319.16,0,1,84,Ignored
444,4702.73,4,68,222.93,0,3,295,Responded
445,6129.89,8,82,406.44,4,0,187,Unsubscribed
446,1929.27,18,2,494.07,9,3,313,Unsubscribed
447,7591.98,12,31,153.29,4,0,64,Unsubscribed
448,882.06,3,35,448.28,0,2,88,Responded
449,9469.51,13,98,61.94,8,2,74,Responded
450,4735.39,17,48,231.67,7,2,63,Responded
451,3427.62,3,49,350.69,1,4,151,Ignored
452,1256.39,13,11,432.93,8,2,339,Responded
453,4382.71,10,7,118.39,9,0,304,Unsubscribed
454,6632.06,4,6,251.39,6,1,306,Responded
455,1035.42,1,43,488.2,4,1,315,Unsubscribed
456,3132.06,14,71,371.26,8,4,354,Responded
457,8376.57,6,39,203.06,9,3,120,Unsubscribed
458,6497.19,19,6,253.8,6,2,239,Unsubscribed
459,2143.09,4,61,460.63,4,3,338,Unsubscribed
460,1693.01,11,31,248.53,7,1,349,Unsubscribed
461,9054.4,13,60,38.46,0,0,62,Ignored
462,2941.5,10,9,110.3,4,4,206,Ignored
463,1877.05,17,64,11.84,3,4,154,Ignored
464,9999.64,7,82,245.31,4,4,35,Responded
465,3161,13,87,486.97,9,2,14,Unsubscribed
466,1334.93,16,4,403.21,9,4,219,Responded
467,4671.4,7,16,30.23,6,0,34,Unsubscribed
468,4400.02,18,95,466.12,1,0,338,Unsubscribed
469,9275.34,7,7,64.55,3,4,185,Ignored
470,1428.63,6,94,21.27,2,1,242,Ignored
471,1002.25,13,23,113.68,8,1,182,Responded
472,1020.49,3,11,255.08,5,4,241,Responded
473,9052.45,1,29,48.1,0,2,53,Ignored
474,4548.75,18,8,392.86,6,1,363,Unsubscribed
475,1591,11,92,18.57,7,4,101,Unsubscribed
476,5978.92,1,84,116.9,8,0,327,Responded
477,5422.47,5,3,303.22,2,3,209,Responded
478,2064.23,9,72,211.18,8,1,158,Responded
479,6070.08,19,77,235.6,6,2,143,Ignored
480,3468.29,14,52,338.29,4,3,292,Responded
481,2459.87,8,20,186.22,8,3,226,Unsubscribed
482,5152.97,9,95,127.92,5,2,10,Unsubscribed
483,2987.33,17,31,459.93,9,2,94,Ignored
484,2299.19,11,28,179.14,4,4,323,Unsubscribed
485,8809.25,16,16,244.23,7,0,79,Unsubscribed
486,1642.05,17,48,411.78,0,2,136,Unsubscribed
487,2877.84,2,24,320.07,4,2,258,Responded
488,3922.77,3,59,314.01,8,3,235,Unsubscribed
489,2809.02,17,95,323.02,1,1,238,Unsubscribed
490,2186.04,12,84,407.08,1,1,203,Unsubscribed
491,7734.35,16,9,267.67,7,2,143,Ignored
492,3357.26,16,14,47.17,9,0,341,Unsubscribed
493,1213.88,6,39,336.1,8,2,93,Responded
494,5454.86,3,39,90.85,7,0,177,Unsubscribed
495,1342.34,13,3,416.07,5,3,230,Unsubscribed
496,3639.44,13,43,86.71,5,4,363,Responded
497,8830.08,15,52,478.66,9,3,327,Ignored
498,3754.7,2,69,358.07,4,4,237,Unsubscribed
499,6361.84,12,39,139.06,8,3,117,Ignored
500,5194.79,15,70,111.66,1,2,112,Unsubscribed
501,1463.48,15,60,440.35,7,2,332,Unsubscribed
502,6525.79,12,64,122.99,1,0,279,Ignored
503,8574.75,7,54,211.81,9,2,23,Responded
504,1022.8,3,63,235.56,5,1,23,Ignored
505,7561.43,10,34,70.94,1,2,114,Unsubscribed
506,6933.09,11,89,370.38,3,1,355,Ignored
507,8679.94,18,93,62.76,0,3,144,Unsubscribed
508,1130.51,7,86,428.63,2,3,254,Unsubscribed
509,3126.38,7,45,270.56,7,4,157,Ignored
510,6973.49,12,15,312.18,9,4,153,Unsubscribed
511,317.98,17,69,416.14,4,2,311,Ignored
512,7367.35,14,82,174.76,9,2,332,Responded
513,8593.99,15,80,482.92,1,4,298,Unsubscribed
514,4587.71,8,26,309.78,2,2,264,Responded
515,4399.87,17,64,70.88,3,1,38,Ignored
516,2856.84,7,37,151.01,6,3,349,Unsubscribed
517,150.01,9,13,253.17,8,0,264,Responded
518,1944.4,16,39,345.53,5,0,182,Ignored
519,9800.65,3,60,109.06,6,3,129,Unsubscribed
520,8686.13,11,94,219.21,1,0,236,Ignored
521,2738.4,10,31,62.76,0,0,358,Ignored
522,9641.11,11,99,98.47,0,1,221,Unsubscribed
523,3740.35,9,84,381.48,1,3,127,Ignored
524,3046.1,11,84,308.59,5,4,158,Responded
525,1612.8,11,32,231.6,7,3,69,Ignored
526,9025.95,18,76,13.5,7,2,10,Unsubscribed
527,9871.23,4,8,42.4,0,2,136,Ignored
528,3341.37,5,70,384.15,4,3,339,Unsubscribed
529,7063.96,5,78,55.98,4,0,95,Responded
530,3419.5,18,63,387.81,3,1,334,Ignored
531,1139.41,18,99,364.84,8,2,110,Unsubscribed
532,3987.65,16,47,261.73,7,4,256,Unsubscribed
533,5560.54,9,33,185.85,7,1,360,Responded
534,1317.87,2,33,451.11,4,4,35,Ignored
535,8200.9,16,29,96.53,2,0,112,Responded
536,5023.89,10,13,428.96,2,4,106,Ignored
537,2420.39,12,94,384.1,2,4,174,Unsubscribed
538,5968.32,17,75,337.19,4,2,236,Unsubscribed
539,7953.27,16,56,471.76,1,0,217,Unsubscribed
540,3343.48,17,74,498.1,2,4,144,Unsubscribed
541,7044.62,17,50,396.73,4,1,336,Ignored
542,4335.81,3,20,122.1,4,3,342,Unsubscribed
543,9644.11,9,87,345.63,2,3,56,Responded
544,7732.31,2,24,206.19,7,2,151,Responded
545,3627.87,17,31,69.95,3,4,147,Ignored
546,275.7,15,61,425.9,2,1,11,Ignored
547,6609.45,9,53,174.02,1,1,256,Ignored
548,2058.93,2,14,482.58,7,4,347,Responded
549,1306.6,15,32,407.45,0,4,27,Responded
550,9324.59,14,59,402.03,4,0,329,Unsubscribed
551,9999.49,1,17,415.19,4,3,9,Responded
552,2771.9,13,19,209.98,9,4,163,Ignored
553,3087.51,9,2,50.28,5,4,349,Responded
554,1733.39,1,16,497.57,4,1,167,Responded
555,4631.08,1,33,482.43,9,2,128,Responded
556,8671.85,11,79,239.17,3,3,361,Ignored
557,7044.91,12,74,415.96,2,3,357,Unsubscribed
558,8478.68,5,7,243.91,1,3,27,Unsubscribed
559,2361.97,19,68,463.81,5,0,143,Responded
560,7331.52,18,71,206.03,3,3,316,Unsubscribed
561,9193.41,7,80,440.54,5,1,161,Ignored
562,2886.02,19,94,16.34,7,4,52,Unsubscribed
563,6937.47,16,86,177.24,3,1,232,Responded
564,4066.51,10,52,312.07,8,0,101,Unsubscribed
565,2973.24,8,75,428.87,5,0,213,Responded
566,9699.27,3,59,53.46,7,1,186,Ignored
567,3551.47,1,78,46.59,8,2,4,Unsubscribed
568,1167.71,18,92,396.06,3,2,125,Ignored
569,3947.03,7,27,287.39,9,0,288,Ignored
570,4532.02,13,27,74.64,5,2,143,Unsubscribed
571,7546.89,15,69,243.92,5,1,258,Unsubscribed
572,9504.15,15,60,110.27,4,0,33,Responded
573,8188.86,8,30,378.18,3,3,247,Ignored
574,9316.32,10,49,409.65,8,2,114,Ignored
575,4803.1,8,93,225.91,9,2,140,Unsubscribed
576,7221.23,14,62,484.25,8,1,306,Unsubscribed
577,3159.59,2,61,321.34,0,1,323,Unsubscribed
578,788.91,4,16,137.23,4,1,262,Responded
579,3718.19,3,92,42.31,2,2,144,Ignored
580,7009.36,8,41,351.68,5,2,24,Unsubscribed
581,2818.76,3,33,299.1,9,0,307,Unsubscribed
582,8627.92,8,46,178.15,2,2,271,Unsubscribed
583,7928.65,4,15,371.87,5,0,235,Ignored
584,2021.02,1,69,28.98,1,1,320,Responded
585,3375.28,5,90,427.62,9,3,149,Responded
586,8270.5,12,97,103.42,8,2,105,Responded
587,2514.98,16,13,26.23,8,1,255,Responded
588,3382.86,10,45,447.04,3,3,52,Unsubscribed
589,3496.36,7,60,312.78,6,1,21,Responded
590,8030.32,6,43,70.97,2,3,223,Unsubscribed
591,466.6,2,64,317.52,5,2,317,Unsubscribed
592,830.49,6,53,445.63,8,1,52,Ignored
593,5826.67,17,14,296.68,2,2,322,Ignored
594,4031.41,13,53,378.02,5,0,215,Ignored
595,6365.56,15,51,448.87,0,1,185,Unsubscribed
596,2737.97,9,51,458.89,7,3,294,Responded
597,9104.87,12,70,79.83,0,1,277,Unsubscribed
598,7633.32,15,88,379.8,8,4,251,Ignored
599,770.69,3,95,430.53,9,4,305,Unsubscribed
600,7860.66,17,93,491.72,2,0,237,Ignored
601,9698.87,12,55,433.35,4,1,298,Ignored
602,9430.11,5,86,344.63,1,1,75,Ignored
603,7381.29,19,84,144.56,0,3,229,Ignored
604,1323.58,7,89,162.61,1,3,228,Unsubscribed
605,5803.16,2,48,397.19,9,3,171,Ignored
606,2913.9,5,88,213.04,9,1,15,Responded
607,9705.11,8,46,426.4,4,1,287,Ignored
608,7203.11,8,63,240.74,1,4,176,Ignored
609,6146.58,17,11,336.2,8,2,193,Ignored
610,6981.37,3,95,478.25,8,3,355,Responded
611,4435.99,13,97,114.02,9,2,6,Unsubscribed
612,3790.09,6,86,151.36,2,2,315,Ignored
613,9364.42,13,55,230.46,1,0,180,Unsubscribed
614,3386.08,14,95,395.17,6,1,207,Responded
615,510.22,17,7,411.83,2,1,225,Unsubscribed
616,4068.32,7,26,411.11,5,4,257,Ignored
617,7924.37,16,6,170.63,3,1,68,Responded
618,6519.84,1,56,53.4,1,0,77,Ignored
619,9625.49,18,96,82.88,7,1,90,Unsubscribed
620,1151.4,5,48,86.17,9,3,160,Responded
621,9124.31,14,28,338.83,8,3,260,Unsubscribed
622,3751.61,1,90,283.56,1,4,236,Ignored
623,4792.63,14,34,98.7,9,3,328,Responded
624,4341.97,5,92,230.9,9,0,349,Ignored
625,1252.88,4,17,259.13,0,1,142,Unsubscribed
626,2553.18,4,17,391.19,2,2,176,Unsubscribed
627,7448.49,3,80,295.46,0,1,14,Unsubscribed
628,327.77,18,95,194.82,0,0,143,Responded
629,1425.49,13,35,475.21,1,1,219,Unsubscribed
630,349.58,4,60,256.26,9,1,189,Ignored
631,8588.14,9,70,432.16,5,3,151,Unsubscribed
632,6211.52,2,73,226.42,4,0,111,Unsubscribed
633,1782.29,16,17,17.33,5,3,156,Responded
634,7710.85,10,52,305.05,4,4,241,Ignored
635,9671.33,9,93,403.19,9,4,320,Responded
636,9352.15,11,6,149.09,2,0,29,Responded
637,9223.32,13,1,356.11,5,0,17,Responded
638,177.32,13,84,237.1,4,4,54,Unsubscribed
639,5931.23,4,24,183.48,6,2,116,Unsubscribed
640,2640.66,13,31,39.46,4,4,150,Unsubscribed
641,5690.01,9,39,184.28,1,1,91,Responded
642,3248.5,10,41,406.3,9,4,106,Ignored
643,1621.3,1,99,399.93,8,4,172,Unsubscribed
644,4500.49,7,82,422.73,6,3,192,Ignored
645,5001.45,9,16,401.46,6,0,333,Responded
646,9898.68,5,75,385.69,7,3,63,Unsubscribed
647,519.64,7,19,418.46,6,3,86,Responded
648,3081.44,13,28,411.62,0,3,163,Unsubscribed
649,8533.75,8,52,118.28,4,1,135,Responded
650,6630.99,4,43,356.56,3,0,341,Ignored
651,8284.16,11,79,498.26,7,4,57,Ignored
652,6636.88,18,48,81.1,9,1,294,Unsubscribed
653,7619.41,18,82,370.36,9,3,272,Ignored
654,4979.93,18,42,461.86,2,1,271,Ignored
655,2128.29,15,4,329.35,9,1,355,Unsubscribed
656,8119.04,10,26,177.58,6,3,282,Responded
657,5721.42,13,89,339.34,0,3,106,Unsubscribed
658,1481.1,13,96,464.61,2,1,142,Ignored
659,8068.45,5,88,468.32,6,1,187,Ignored
660,9590,9,80,434.48,8,0,172,Responded
661,3527.02,10,22,282.69,7,0,161,Ignored
662,3005.77,4,61,290.2,1,3,83,Unsubscribed
663,909.57,2,30,480.14,1,3,335,Unsubscribed
664,6678.46,7,23,334.54,0,1,295,Ignored
665,9593.72,14,25,19.91,1,2,319,Unsubscribed
666,1446.33,13,68,145.74,4,0,169,Responded
667,4903.08,6,10,201.35,1,2,223,Unsubscribed
668,1072.56,1,39,248.53,0,1,296,Responded
669,437.69,8,65,158.8,3,4,1,Ignored
670,6678.56,7,80,115.07,8,4,162,Unsubscribed
671,8690.1,7,15,358.19,4,4,181,Unsubscribed
672,3441.95,8,70,92.89,9,4,217,Responded
673,8770.08,19,82,54.64,1,1,209,Responded
674,1258.83,18,59,210.92,4,0,265,Responded
675,2455.81,12,68,407.16,6,0,97,Unsubscribed
676,9025.91,18,84,382.53,4,2,194,Ignored
677,5134.25,6,83,125.83,2,3,273,Ignored
678,6121.1,19,50,140.78,7,4,350,Responded
679,476.38,18,2,493.7,4,0,264,Unsubscribed
680,1371.06,10,8,46.4,2,1,94,Responded
681,652.33,13,9,48.54,5,3,166,Responded
682,9059.51,18,32,54.42,9,2,130,Ignored
683,1434.47,5,15,168.65,2,2,177,Ignored
684,8511.76,1,79,384.28,9,0,313,Responded
685,3575.24,4,21,446.44,6,1,170,Unsubscribed
686,8025.92,13,19,466.88,5,1,111,Responded
687,3713.93,16,36,133.68,8,0,360,Unsubscribed
688,2750.07,6,45,235.49,8,0,17,Unsubscribed
689,1027.24,8,32,55.82,7,0,299,Responded
690,2879,15,66,282.55,8,0,186,Responded
691,4767.65,6,91,13.2,8,1,126,Responded
692,8193.34,18,25,235.22,0,1,165,Unsubscribed
693,4579.9,19,39,490.4,1,0,283,Responded
694,9717.21,19,42,78.81,9,1,289,Unsubscribed
695,5462.17,18,96,113.27,9,2,21,Unsubscribed
696,346.96,2,57,146.05,7,1,171,Unsubscribed
697,4212.14,11,76,434.73,8,1,190,Unsubscribed
698,6920.1,18,60,446.1,5,3,138,Ignored
699,2419.49,10,36,473.19,2,1,275,Unsubscribed
700,7016.44,5,76,131.72,8,0,338,Responded
701,5086.6,9,48,232.21,8,0,119,Responded
702,354.8,19,50,197.18,7,0,20,Responded
703,7766.09,6,30,301.97,3,4,191,Unsubscribed
704,5647.7,8,51,155.02,6,1,282,Responded
705,916.69,2,11,416.22,0,3,140,Unsubscribed
706,4804.62,18,43,454.01,5,0,292,Responded
707,2944.2,16,27,450.99,0,0,357,Unsubscribed
708,8808.85,8,76,138.96,9,4,180,Ignored
709,2920.78,17,58,247.4,1,2,285,Ignored
710,9422.7,18,72,273.55,8,4,227,Ignored
711,5506.71,7,97,485.26,3,0,95,Unsubscribed
712,3303.78,9,92,224.58,6,0,93,Ignored
713,8154.1,7,8,44.21,9,1,326,Ignored
714,7004.26,3,56,325.27,4,2,88,Ignored
715,4198.23,6,85,95.49,0,0,347,Responded
716,6333.22,5,18,188.94,3,3,277,Unsubscribed
717,7807.98,3,75,263.86,3,0,67,Unsubscribed
718,8530.42,14,93,481.76,5,4,17,Responded
719,8182.49,18,71,88.23,6,4,244,Unsubscribed
720,1744.16,7,57,427.42,0,1,348,Responded
721,8301.06,11,29,19.2,5,0,54,Unsubscribed
722,680.43,14,17,33.47,4,0,200,Unsubscribed
723,2081.69,16,62,244.94,9,1,228,Responded
724,6266.97,16,69,290.46,0,0,166,Unsubscribed
725,1235.46,4,70,102.61,2,2,39,Unsubscribed
726,6073.14,16,89,100.67,4,1,139,Responded
727,3148.86,8,45,362.66,5,1,35,Unsubscribed
728,4351.72,9,55,161.13,1,2,341,Ignored
729,3220,5,33,358.03,0,3,271,Responded
730,794.72,18,77,263.57,7,0,31,Ignored
731,5057.51,13,56,189.8,6,0,55,Unsubscribed
732,9639.63,15,66,32.43,3,3,90,Ignored
733,6156.66,10,13,486.53,8,4,167,Ignored
734,3070.32,5,26,196.21,1,1,225,Unsubscribed
735,9565.88,4,65,396.92,2,1,354,Unsubscribed
736,3953.45,19,70,174.98,6,4,276,Responded
737,7005.43,15,77,449.91,0,2,340,Unsubscribed
738,6377.72,8,31,45.34,5,4,230,Ignored
739,9533.82,5,41,147.88,4,2,255,Unsubscribed
740,9154.57,9,18,267.84,0,1,54,Unsubscribed
741,1565.24,17,29,310.36,5,0,201,Ignored
742,948.29,8,29,325.29,8,2,133,Responded
743,8115.46,14,12,202.03,6,1,166,Responded
744,9058.94,12,94,317.56,2,1,359,Ignored
745,4980.44,9,66,434.45,2,2,90,Responded
746,6938.54,16,1,420.66,3,3,247,Ignored
747,790.9,1,51,133.62,6,2,38,Responded
748,2276.06,1,28,30.38,2,1,317,Unsubscribed
749,1578.82,10,57,127.43,2,0,231,Unsubscribed
750,6051.49,12,80,411.56,7,4,117,Ignored
751,2055.64,3,53,332.87,8,3,280,Unsubscribed
752,692.48,1,17,71.01,6,1,122,Responded
753,3091.85,8,91,90.5,0,0,334,Responded
754,6804.4,16,78,139.92,8,3,161,Responded
755,5820.85,6,26,428.6,0,0,21,Responded
756,3374.18,11,24,205,8,1,285,Unsubscribed
757,8351.44,14,61,176.43,0,0,114,Responded
758,2835.06,13,72,120.57,9,1,244,Responded
759,2679.42,4,20,340.22,9,0,65,Responded
760,5643.48,2,66,484.34,4,0,338,Unsubscribed
761,4834.33,3,63,48.88,7,3,81,Responded
762,4515.13,7,41,256.34,7,4,214,Responded
763,1642.28,18,69,452.25,7,3,330,Unsubscribed
764,5096,14,16,141.11,0,2,117,Responded
765,2664.29,10,22,176.13,3,2,108,Unsubscribed
766,3982.58,10,20,251.79,2,1,323,Responded
767,7362.35,6,29,78.66,4,0,130,Ignored
768,9374.94,15,98,403.85,5,3,130,Responded
769,7761.24,16,11,133.39,5,0,360,Responded
770,4115.78,8,25,38.82,2,4,215,Responded
771,5971.03,5,26,335.73,4,0,127,Responded
772,7490.33,4,54,277.2,8,1,331,Ignored
773,4200.79,8,8,465.52,0,3,133,Ignored
774,3666.46,10,21,393.49,0,2,46,Unsubscribed
775,1438.91,10,88,27.65,1,4,312,Unsubscribed
776,7388.98,8,63,269.6,4,0,88,Unsubscribed
777,8401.24,12,63,435.24,9,4,64,Ignored
778,3234.19,7,79,18.98,1,4,113,Ignored
779,7856.73,14,16,193,3,4,329,Unsubscribed
780,6141.11,3,5,418.21,8,4,291,Unsubscribed
781,7862.42,8,95,132.17,8,3,302,Ignored
782,4172.24,4,97,15.97,3,4,164,Responded
783,7501.01,13,86,176.88,5,4,187,Unsubscribed
784,4144.24,1,2,26.95,8,3,189,Unsubscribed
785,978.7,6,51,458.69,2,1,183,Unsubscribed
786,5550.73,1,24,427.86,3,2,24,Responded
787,4597.85,4,65,216.74,8,2,356,Ignored
788,2603.51,11,15,209.83,0,4,121,Responded
789,8931.92,18,92,489.92,5,4,93,Responded
790,3890.25,17,78,249.74,8,2,37,Responded
791,487.35,9,38,223.98,0,0,91,Ignored
792,3883.14,19,53,206.23,0,0,149,Ignored
793,4302.65,16,99,165.67,0,4,216,Responded
794,8630.21,11,77,178.18,5,2,254,Responded
795,8011.91,6,3,227.75,5,0,323,Ignored
796,2079.67,14,98,462.53,9,0,203,Unsubscribed
797,8406.39,4,79,440.15,7,2,126,Ignored
798,2554.48,5,18,383.76,7,0,242,Responded
799,3485.15,4,45,394.05,8,2,292,Ignored
800,860.5,4,72,217.72,0,3,52,Responded
801,648.03,8,28,295.58,7,4,275,Ignored
802,6840.52,11,24,449.49,2,2,275,Unsubscribed
803,9241.08,9,66,172.13,4,1,283,Unsubscribed
804,4980.87,9,72,204.73,1,2,256,Ignored
805,8456.53,18,58,139.89,6,3,59,Responded
806,7958.14,18,76,32.02,7,1,290,Unsubscribed
807,6680.32,6,58,17.95,9,0,168,Responded
808,9784.47,17,11,143.49,2,1,340,Unsubscribed
809,8041.66,4,9,471.18,6,1,340,Ignored
810,2820.96,19,15,168.88,3,0,5,Ignored
811,7911.24,4,94,445.4,3,1,204,Unsubscribed
812,6957.35,17,96,67.88,9,0,102,Ignored
813,4055.25,1,27,340.59,6,1,86,Ignored
814,860.29,16,52,171,9,0,6,Ignored
815,2222.16,3,42,447.32,9,2,143,Unsubscribed
816,7992.66,12,81,351.89,1,3,79,Responded
817,2560,19,42,177.64,5,3,75,Responded
818,9978.79,1,46,248.89,4,1,146,Ignored
819,6970.48,14,96,124.97,3,3,110,Responded
820,4824.5,9,27,24.75,9,3,216,Responded
821,5747.32,2,70,41.72,4,1,195,Responded
822,6147.64,16,78,407.77,1,0,215,Unsubscribed
823,9692.55,7,10,372.39,9,4,317,Responded
824,1701.24,7,22,336.32,0,2,147,Responded
825,2796.72,13,3,457.44,1,3,209,Responded
826,7124.95,19,33,133.67,0,1,120,Ignored
827,2474.59,19,69,18.85,0,0,49,Ignored
828,8725.84,18,41,458.2,5,1,323,Ignored
829,3530.69,6,7,493.42,9,4,329,Ignored
830,1890.31,15,66,91.9,4,3,214,Unsubscribed
831,571.45,3,54,334.31,5,4,100,Ignored
832,5996.39,2,53,59.61,2,0,298,Ignored
833,8270.29,7,63,37.1,0,2,80,Unsubscribed
834,2810.55,19,64,187.7,6,3,180,Unsubscribed
835,9183.64,10,77,59.29,4,0,117,Unsubscribed
836,7601.57,6,59,64.48,4,1,87,Responded
837,706.88,18,46,252.05,2,1,346,Unsubscribed
838,5769.07,5,87,269.64,8,2,328,Responded
839,5717.67,2,77,202.92,9,2,217,Unsubscribed
840,2103.49,5,17,335.88,6,3,300,Ignored
841,3411.99,8,68,493.48,7,0,16,Unsubscribed
842,4636.96,5,87,422.51,7,0,240,Unsubscribed
843,575.97,16,25,384.44,6,2,332,Unsubscribed
844,1582.79,3,6,213.99,6,4,24,Responded
845,1723.64,13,85,171.63,0,2,171,Ignored
846,3854.43,6,11,289.94,7,2,90,Unsubscribed
847,7498.84,4,61,161.04,5,1,97,Responded
848,8329.91,10,90,93.27,8,2,232,Ignored
849,1712.21,18,27,435.43,9,4,147,Unsubscribed
850,7543.87,18,26,69.15,9,1,306,Unsubscribed
851,6740.03,12,95,492.33,8,1,301,Responded
852,8917.81,3,26,137.1,0,4,204,Responded
853,9691.03,12,70,371.25,8,4,44,Unsubscribed
854,1332.16,12,28,39.94,7,1,291,Ignored
855,898.67,2,65,403.54,4,1,28,Responded
856,8017.33,18,34,262.73,0,1,329,Ignored
857,1705.49,2,3,484.09,0,4,265,Responded
858,2026.29,2,74,251.24,7,0,336,Unsubscribed
859,8832.16,8,79,391.06,5,3,78,Unsubscribed
860,9395.75,1,62,123.93,0,3,55,Unsubscribed
861,3252.87,13,40,180.63,7,2,302,Responded
862,8437.46,18,24,396.44,2,4,53,Ignored
863,8602.68,8,53,437.66,2,1,126,Ignored
864,6093.37,13,70,62.14,0,0,233,Responded
865,5704.28,7,35,348.69,6,2,187,Responded
866,5800.8,3,96,490.41,6,2,212,Ignored
867,3082.76,10,3,473.96,7,1,121,Responded
868,6226.78,19,79,188.52,2,4,255,Responded
869,2511.44,13,28,156.42,1,3,305,Responded
870,1858.56,19,28,75.91,9,0,348,Unsubscribed
871,4188.21,8,65,493.85,5,1,22,Responded
872,7087.23,18,86,386.73,4,0,145,Unsubscribed
873,6252.13,15,18,316.64,3,4,167,Unsubscribed
874,9652.33,7,73,265.29,9,4,197,Unsubscribed
875,6499.91,7,9,405.13,7,2,352,Responded
876,1499.01,3,46,329.31,5,1,280,Responded
877,1696.06,18,14,248.93,5,2,174,Ignored
878,1021.36,14,21,226.41,4,2,228,Responded
879,1992.62,17,22,195.51,4,0,18,Responded
880,6019.71,9,88,485.23,3,1,109,Unsubscribed
881,8399.04,10,2,458.25,9,1,290,Responded
882,8949.29,8,39,173.6,5,4,25,Responded
883,4060.43,19,57,41.79,5,3,335,Responded
884,5629.97,2,76,86.21,9,1,229,Ignored
885,8111.08,12,25,302.13,3,2,158,Unsubscribed
886,3189.5,4,94,364.83,3,1,107,Ignored
887,5997.12,3,32,432.95,3,3,309,Unsubscribed
888,1823.42,1,22,455.76,6,0,286,Responded
889,4817.75,15,93,468.06,9,4,119,Ignored
890,1813.42,1,77,489.09,2,4,288,Ignored
891,4678.02,9,93,391.7,6,1,68,Unsubscribed
892,4028.51,5,66,369.27,7,0,119,Responded
893,4389.32,19,96,176.8,4,1,141,Responded
894,2512.75,6,55,465.16,6,4,228,Unsubscribed
895,1446.83,8,11,77.34,4,0,149,Responded
896,2829.09,3,93,276.98,8,1,39,Responded
897,2471.84,2,49,231.51,0,4,306,Responded
898,7369.53,14,22,446.24,8,1,301,Ignored
899,7198.05,11,76,324.79,8,2,285,Responded
900,5886.38,18,5,198.7,2,3,137,Ignored
901,1004.2,7,79,55.98,6,2,211,Responded
902,5705.99,1,54,151.46,3,0,139,Ignored
903,884.45,8,56,258.95,6,2,82,Unsubscribed
904,279.91,6,43,203.65,2,4,234,Ignored
905,3590.7,11,96,475.03,4,4,345,Unsubscribed
906,2481.39,10,44,302.68,2,1,58,Responded
907,5987.01,2,73,356.43,5,2,55,Responded
908,9293.56,1,23,301.86,0,0,141,Responded
909,7226.54,4,40,208.5,5,3,206,Ignored
910,7696.87,9,41,40.06,4,2,3,Unsubscribed
911,9513.84,13,35,25.18,8,0,92,Ignored
912,6377.5,4,36,330.33,5,2,29,Responded
913,5819.54,3,53,350.47,9,2,277,Unsubscribed
914,6058.49,18,96,98.15,1,1,193,Responded
915,8671.47,2,60,320.45,7,4,41,Unsubscribed
916,3942.18,9,37,15.3,0,3,233,Responded
917,7973.83,7,50,227.84,6,3,235,Ignored
918,6557.34,2,19,146.76,2,2,22,Responded
919,3115.26,12,54,442.59,2,1,24,Responded
920,235.52,17,14,160.98,6,2,82,Unsubscribed
921,2178.21,14,55,201.49,0,2,158,Unsubscribed
922,7029.89,14,64,88.4,2,0,227,Responded
923,5838.93,15,58,74.03,5,1,156,Responded
924,2818.49,17,48,177.47,9,0,167,Responded
925,4399.59,4,12,377.38,1,2,247,Responded
926,6645.37,14,86,43.31,8,3,10,Responded
927,1358.15,7,65,39.16,0,2,315,Responded
928,4379.57,19,42,407.43,6,3,254,Ignored
929,4224.58,2,18,266.86,9,0,291,Unsubscribed
930,5471.75,9,18,431.29,6,2,251,Unsubscribed
931,5266.95,15,34,310.61,5,2,56,Responded
932,3740.49,19,41,48.44,3,0,176,Unsubscribed
933,7651.06,10,36,95.19,3,3,218,Responded
934,765.57,8,35,226.62,6,0,150,Unsubscribed
935,451.83,13,92,102.35,1,2,32,Ignored
936,4260.57,10,33,434.17,4,1,12,Unsubscribed
937,8977.27,17,25,490.55,6,2,142,Unsubscribed
938,2847.94,2,10,313.28,2,0,181,Responded
939,1805.86,18,92,327.92,6,2,16,Unsubscribed
940,9289.26,2,46,445.68,2,3,21,Ignored
941,1765.41,19,27,342.15,2,3,361,Unsubscribed
942,3810.92,16,14,198.88,3,2,145,Unsubscribed
943,7317.25,15,37,127.52,2,1,39,Unsubscribed
944,2683.15,8,43,210.58,1,0,47,Ignored
945,2375.51,7,25,483.74,0,0,84,Ignored
946,4036.91,18,49,49.33,7,1,70,Ignored
947,7894.91,9,52,60.44,1,0,275,Ignored
948,9118.74,16,93,334.59,4,4,91,Responded
949,409.8,2,32,305.97,7,0,232,Responded
950,1734.57,8,33,371.28,1,1,97,Responded
951,9590.15,9,45,451.45,1,4,44,Responded
952,5968.63,9,91,262.13,1,1,169,Unsubscribed
953,5558.96,1,9,181.65,7,0,58,Responded
954,8154.08,10,18,264.97,4,0,75,Unsubscribed
955,493.85,3,23,95.44,6,4,224,Unsubscribed
956,236.98,1,30,451.17,5,3,327,Responded
957,9678.19,11,1,344.33,8,1,295,Ignored
958,8302.85,9,7,436.63,5,2,154,Responded
959,7499.08,14,80,158.18,5,1,124,Ignored
960,1641.44,4,22,447.94,8,4,74,Unsubscribed
961,4818.38,6,83,84.44,8,1,317,Unsubscribed
962,9379.21,13,68,191.4,5,3,101,Unsubscribed
963,9342.64,1,24,45.07,1,1,72,Responded
964,191.55,4,59,309.44,2,1,148,Responded
965,7549.66,12,12,128.77,0,1,262,Ignored
966,161.75,1,55,124.79,8,2,263,Ignored
967,9844.59,9,65,496.82,7,3,156,Ignored
968,4227.98,15,25,127.59,8,4,241,Responded
969,9737.84,4,69,261.12,6,3,340,Unsubscribed
970,3740.69,1,42,312.11,5,1,168,Ignored
971,3002.55,10,35,484.7,9,4,249,Ignored
972,3231.29,7,67,472.46,4,3,333,Unsubscribed
973,7333.72,4,9,211.51,9,3,224,Ignored
974,2076.76,4,36,64.81,6,2,242,Unsubscribed
975,8654.17,16,5,105.09,2,2,92,Responded
976,5946.67,1,68,15.01,1,3,123,Unsubscribed
977,9702.12,7,37,10.46,2,4,63,Unsubscribed
978,9872.14,13,67,390.77,8,1,50,Unsubscribed
979,1933.3,19,13,184.86,8,1,308,Unsubscribed
980,9562.24,6,64,327.74,4,2,78,Unsubscribed
981,560.73,2,90,286,6,1,270,Ignored
982,375.85,18,25,440.83,9,4,65,Unsubscribed
983,9444.26,16,34,291.91,9,0,333,Responded
984,9627.73,9,48,63.97,2,2,148,Unsubscribed
985,1557.75,10,49,440.93,4,1,184,Unsubscribed
986,4479.92,14,45,364.16,4,3,76,Unsubscribed
987,4991.52,17,57,160.7,5,0,317,Unsubscribed
988,8616.78,10,10,380.14,5,4,202,Ignored
989,6316.38,5,48,202.66,5,4,92,Responded
990,7768.21,8,5,431.91,7,2,56,Unsubscribed
991,4902.46,6,76,252.84,3,0,356,Ignored
992,6519.3,8,27,306.82,9,1,315,Responded
993,7380.55,4,10,46.12,1,2,173,Ignored
994,7405.02,2,90,418.46,0,0,124,Responded
995,117.2,10,74,250.92,7,4,16,Ignored
996,1089.09,2,29,77.75,0,3,88,Ignored
997,3700.24,9,90,34.45,6,4,352,Responded
998,705.85,17,69,187.37,7,3,172,Unsubscribed
999,3891.6,7,31,483.8,1,2,55,Responded
1000,3956.71,15,48,420.91,6,0,269,Ignored
